graph,vertices,edges,bs,pointer,capacity_log2,bytes_per_roundtrip,tree_bytes,algorithm,status,trials,length,compute_ms,dry_build_ms,install_ms,roundtrips,bytes,WAN_ms,LAN_ms
emailEucore,1005,25571,64,OSAM$^+$,17,23664,45612708,Build,ok,1,1,356.787422,22.441264999999998,334.346157,0,45612708,812.9145020000001,402.40013
emailEucore,1005,25571,64,OSAM$^+$,17,23664,45612708,CD,ok,10,2,84.05361805,,,199.1,4711502.399999999,20041.168642049997,287.86512045
emailEucore,1005,25571,64,OSAM$^+$,17,23664,45612708,BFS,ok,10,100,120.969223153,,,298.453,7062591.791999999,30036.895141072993,426.4848149449999
emailEucore,1005,25571,64,OSAM$^+$,17,23664,45612708,DFS,ok,10,100,105.409095225,,,259.988,6152356.032,26165.732655545,371.549451257
emailEucore,1005,25571,64,OSAM$^+$,17,23664,45612708,Dijkstra,ok,10,100,104.98283283800001,,,258.813,6124550.8319999995,26047.528341158,369.92038367
emailEucore,1005,25571,64,OSAM$^+$,17,23664,45612708,Prim,ok,10,100,105.657756243,,,256.833,6077696.112000001,25849.734717363,368.56845235500003
emailEucore,1005,25571,64,OSAM$^+$,17,23664,45612708,DTC,ok,10,1,736.9208599,,,1808.7,42801076.800000004,182034.93162790002,2588.4219367
emailEucore,1005,25571,64,OSAM$^+$,17,23664,45612708,PR,ok,10,50,14.025254924,,,34.588,818490.432,3481.010159244,49.43174535600001
emailEucore,1005,25571,64,OSAM$^+$,17,23664,45612708,RW,ok,10,50,14.092741542,,,34.856,824832.3840000001,3507.9410653820005,49.773573926000005
emailEucore,1005,25571,4096,OSAM$^+$,17,1120368,2159525796,Build,ok,1,1,2793.5922610000002,10.496672,2783.095589,0,2159525796,24388.850221000004,4953.118057
emailEucore,1005,25571,4096,OSAM$^+$,17,1120368,2159525796,CD,ok,10,2,166.9561182,,,122.2,136908969.6,13756.0458142,426.06508779999996
emailEucore,1005,25571,4096,OSAM$^+$,17,1120368,2159525796,BFS,ok,10,100,225.289313753,,,161.133,180528256.944,18143.871883193002,566.950570697
emailEucore,1005,25571,4096,OSAM$^+$,17,1120368,2159525796,DFS,ok,10,100,189.633334561,,,138.132,154758672.576,15550.420060321001,482.524007137
emailEucore,1005,25571,4096,OSAM$^+$,17,1120368,2159525796,Dijkstra,ok,10,100,184.250105611,,,134.381,150556172.208,15127.911827691,469.187277819
emailEucore,1005,25571,4096,OSAM$^+$,17,1120368,2159525796,Prim,ok,10,100,181.599672275,,,132.401,148337843.56800002,14905.078107955002,462.33851584300004
emailEucore,1005,25571,4096,OSAM$^+$,17,1120368,2159525796,DTC,ok,10,1,1800.6167704,,,1315.3,1473620030.3999999,148066.8170744,4589.5368008000005
emailEucore,1005,25571,4096,OSAM$^+$,17,1120368,2159525796,PR,ok,10,50,38.350049062,,,28.028,31401674.303999998,3155.1667921019994,97.77972336599998
emailEucore,1005,25571,4096,OSAM$^+$,17,1120368,2159525796,RW,ok,10,50,39.117081028,,,28.008,31379266.944,3153.709750468,98.504347972
p2pGnutella04,10876,39994,64,OSAM$^+$,18,25056,91225764,Build,ok,1,1,725.355995,36.866347,688.489648,0,91225764,1637.6136350000002,816.581759
p2pGnutella04,10876,39994,64,OSAM$^+$,18,25056,91225764,CD,ok,10,2,48.2377271,,,71.75,1797768.0,7241.2154070999995,121.7854951
p2pGnutella04,10876,39994,64,OSAM$^+$,18,25056,91225764,BFS,ok,10,100,24.356368051,,,51.245,1283994.72,5161.696315251,76.885362771
p2pGnutella04,10876,39994,64,OSAM$^+$,18,25056,91225764,DFS,ok,10,100,20.358244258,,,44.288,1109680.128,4460.255045537999,65.755924386
p2pGnutella04,10876,39994,64,OSAM$^+$,18,25056,91225764,Dijkstra,ok,10,100,22.901158124000002,,,49.781,1247312.736,5013.474285484,73.92947086
p2pGnutella04,10876,39994,64,OSAM$^+$,18,25056,91225764,Prim,ok,10,100,21.603660675,,,46.958,1176579.648,4729.169457155001,69.738240323
p2pGnutella04,10876,39994,64,OSAM$^+$,18,25056,91225764,DTC,failed,0,,,,,,,,
p2pGnutella04,10876,39994,64,OSAM$^+$,18,25056,91225764,PR,ok,10,50,15.029863043999999,,,32.67,818579.52,3290.215658244,48.51844256400001
p2pGnutella04,10876,39994,64,OSAM$^+$,18,25056,91225764,RW,failed,0,,,,,,,,
p2pGnutella04,10876,39994,4096,OSAM$^+$,18,1186272,4319068068,Build,ok,1,1,5191.84589,32.55509,5159.2908,0,4319068068,48382.526569999995,9510.913958
p2pGnutella04,10876,39994,4096,OSAM$^+$,18,1186272,4319068068,CD,ok,10,2,95.31453005,,,64.75,76811112.0,7338.42565005,236.87564204999998
p2pGnutella04,10876,39994,4096,OSAM$^+$,18,1186272,4319068068,BFS,ok,10,100,54.39923137500001,,,36.759,43606172.448,4166.360955855,134.764403823
p2pGnutella04,10876,39994,4096,OSAM$^+$,18,1186272,4319068068,DFS,ok,10,100,47.205414284,,,31.85,37782763.2,3610.0330462840006,116.838177484
p2pGnutella04,10876,39994,4096,OSAM$^+$,18,1186272,4319068068,Dijkstra,ok,10,100,50.618495882000005,,,34.337,40733021.664000005,3891.6487125220006,125.68851754600001
p2pGnutella04,10876,39994,4096,OSAM$^+$,18,1186272,4319068068,Prim,ok,10,100,46.496992588,,,31.514,37384175.808,3571.738750668,115.395168396
p2pGnutella04,10876,39994,4096,OSAM$^+$,18,1186272,4319068068,DTC,failed,0,,,,,,,,
p2pGnutella04,10876,39994,4096,OSAM$^+$,18,1186272,4319068068,PR,ok,10,50,47.529771428,,,30.634,36340256.448,3474.332335908,114.50402787600001
p2pGnutella04,10876,39994,4096,OSAM$^+$,18,1186272,4319068068,RW,failed,0,,,,,,,,
gpluscombined,107614,13673453,64,OSAM$^+$,26,36192,23353884324,Build,ok,1,1,185638.19876399997,15857.68788,169780.510884,0,23353884324,419177.042004,208992.08308799996
gpluscombined,107614,13673453,64,OSAM$^+$,26,36192,23353884324,CD,ok,10,2,548.4636147,,,466.45,16881758.4,47362.2811987,1031.7953731
gpluscombined,107614,13673453,64,OSAM$^+$,26,36192,23353884324,BFS,ok,10,100,2112.515796637,,,1790.473,64800798.816,181807.82378479696,3967.7895954530004
gpluscombined,107614,13673453,64,OSAM$^+$,26,36192,23353884324,DFS,ok,10,100,724.794628301,,,617.305,22341502.56,62678.709653900994,1364.4411308610001
gpluscombined,107614,13673453,64,OSAM$^+$,26,36192,23353884324,Dijkstra,ok,10,100,4301.331906373,,,3648.933,132062183.13599999,370515.25373773294,8082.327089508999
gpluscombined,107614,13673453,64,OSAM$^+$,26,36192,23353884324,Prim,ok,10,100,4304.615099725,,,3646.216,131963849.472,370245.853594445,8082.794949196999
gpluscombined,107614,13673453,64,OSAM$^+$,26,36192,23353884324,DTC,short,3,1,2236.9206876666667,,,1893.0,68511456.0,192222.03524766664,4198.432143666667
gpluscombined,107614,13673453,64,OSAM$^+$,26,36192,23353884324,PR,ok,10,50,54.28330979,,,46.204,1672215.168,4691.40546147,102.15952495799999
gpluscombined,107614,13673453,64,OSAM$^+$,26,36192,23353884324,RW,short,8,50,35.06852367,,,29.7975,1078431.1199999999,3025.60283487,65.94445479
roadNetPA,1088092,3083796,64,OSAM$^+$,25,34800,11676941988,Build,ok,1,1,73206.301396,5692.608126,67513.69327,0,11676941988,189975.721276,84883.243384
roadNetPA,1088092,3083796,64,OSAM$^+$,25,34800,11676941988,CD,ok,10,2,96.70276325,,,90.1,3135480.0,9138.05756325,189.93824325
roadNetPA,1088092,3083796,64,OSAM$^+$,25,34800,11676941988,BFS,ok,10,100,41.75999652,,,39.317,1368231.6,3987.14231252,82.44522812
roadNetPA,1088092,3083796,64,OSAM$^+$,25,34800,11676941988,DFS,ok,10,100,41.370554371,,,38.982,1356573.5999999999,3953.136290370999,81.709127971
roadNetPA,1088092,3083796,64,OSAM$^+$,25,34800,11676941988,Dijkstra,ok,10,100,43.47369528,,,40.907,1423563.5999999999,4148.4093312800005,85.80425887999999
roadNetPA,1088092,3083796,64,OSAM$^+$,25,34800,11676941988,Prim,ok,10,100,35.280386118,,,33.192,1155081.6,3366.0312021180002,69.627467718
roadNetPA,1088092,3083796,64,OSAM$^+$,25,34800,11676941988,DTC,failed,0,,,,,,,,
roadNetPA,1088092,3083796,64,OSAM$^+$,25,34800,11676941988,PR,ok,10,50,24.96975908,,,23.526,818704.8,2385.75680708,49.31446388
roadNetPA,1088092,3083796,64,OSAM$^+$,25,34800,11676941988,RW,ok,10,50,24.370687824,,,22.978,799634.4,2330.167031824,48.148322224
roadNetPA,1088092,3083796,4096,OSAM$^+$,24,1581696,276421394340,Build,ok,1,1,281533.095805,5422.063888000001,276111.031917,0,276421394340,3045747.0392050003,557954.4901449999
roadNetPA,1088092,3083796,4096,OSAM$^+$,24,1581696,276421394340,CD,ok,10,2,206.71011794999998,,,86.5,136816704.0,10224.87715795,430.02682195
roadNetPA,1088092,3083796,4096,OSAM$^+$,24,1581696,276421394340,BFS,ok,10,100,80.937003572,,,33.845,53532501.12,4000.762014772,168.314504692
roadNetPA,1088092,3083796,4096,OSAM$^+$,24,1581696,276421394340,DFS,ok,10,100,80.696779085,,,33.722,53337952.512,3986.276304205,167.756731597
roadNetPA,1088092,3083796,4096,OSAM$^+$,24,1581696,276421394340,Dijkstra,ok,10,100,84.189764199,,,34.977,55322980.99199999,4135.1195741189995,174.489745191
roadNetPA,1088092,3083796,4096,OSAM$^+$,24,1581696,276421394340,Prim,ok,10,100,65.13116507299999,,,27.262,43120196.352,3222.5331285929997,135.51336142499997
roadNetPA,1088092,3083796,4096,OSAM$^+$,24,1581696,276421394340,DTC,failed,0,,,,,,,,
roadNetPA,1088092,3083796,4096,OSAM$^+$,24,1581696,276421394340,PR,ok,10,50,52.741165466,,,22.018,34825782.528000005,2602.798990746,109.584947994
roadNetPA,1088092,3083796,4096,OSAM$^+$,24,1581696,276421394340,RW,ok,10,50,50.627241706,,,21.142,33440216.832,2499.2294100259996,105.209458538
comyoutube,1134890,5975248,64,OSAM$^+$,25,34800,11676941988,Build,ok,1,1,89966.210892,9689.449651,80276.761241,0,11676941988,206735.630772,101643.15288000001
comyoutube,1134890,5975248,64,OSAM$^+$,25,34800,11676941988,CD,ok,10,2,91.38083789999999,,,86.25,3001500.0,8746.395837900001,180.63233789999998
comyoutube,1134890,5975248,64,OSAM$^+$,25,34800,11676941988,BFS,ok,10,100,2305.731978349,,,2155.326,75005344.8,218588.385426349,4536.063323149001
comyoutube,1134890,5975248,64,OSAM$^+$,25,34800,11676941988,DFS,ok,10,100,327.912261441,,,306.768,10675526.399999999,31111.467525440996,645.3557878409999
comyoutube,1134890,5975248,64,OSAM$^+$,25,34800,11676941988,Dijkstra,ok,10,100,875.615662728,,,820.264,28545187.2,83187.46753472798,1724.424849928
comyoutube,1134890,5975248,64,OSAM$^+$,25,34800,11676941988,Prim,ok,10,100,874.0081427169999,,,818.974,28500295.200000003,83056.411094717,1721.482437917
comyoutube,1134890,5975248,64,OSAM$^+$,25,34800,11676941988,DTC,ok,10,1,2436.812136,,,2286.5,79570200.0,231882.514136,4802.882336000001
comyoutube,1134890,5975248,64,OSAM$^+$,25,34800,11676941988,PR,ok,10,50,38.034351894,,,35.66,1240967.9999999998,3616.4440318939996,74.935319894
comyoutube,1134890,5975248,64,OSAM$^+$,25,34800,11676941988,RW,ok,10,50,44.431839836,,,41.676,1450324.8,4226.535087836,87.55816463600001
higgsTwitter,456626,14855842,64,OSAM$^+$,26,36192,23353884324,Build,ok,1,1,200379.695701,22000.757118999998,178378.938582,0,23353884324,433918.538941,223733.58002499997
higgsTwitter,456626,14855842,64,OSAM$^+$,26,36192,23353884324,CD,ok,10,2,295.5442131,,,251.2,9091430.4,25506.4585171,555.8356435
higgsTwitter,456626,14855842,64,OSAM$^+$,26,36192,23353884324,BFS,ok,10,100,601.655489962,,,511.744,18521038.848,51961.265878442005,1131.9205288100002
higgsTwitter,456626,14855842,64,OSAM$^+$,26,36192,23353884324,DFS,ok,10,100,322.066940639,,,273.374,9893951.808,27758.406458719004,605.334892447
higgsTwitter,456626,14855842,64,OSAM$^+$,26,36192,23353884324,Dijkstra,ok,10,100,450.222059893,,,383.298,13872321.216,38918.745272053005,847.3923811090001
higgsTwitter,456626,14855842,64,OSAM$^+$,26,36192,23353884324,Prim,ok,10,100,445.733274339,,,380.443,13768993.056,38627.72320489899,839.945267395
higgsTwitter,456626,14855842,64,OSAM$^+$,26,36192,23353884324,DTC,ok,10,1,2481.2331748,,,2116.9,76614844.8,214937.3816228,4674.7480196
higgsTwitter,456626,14855842,64,OSAM$^+$,26,36192,23353884324,PR,ok,10,50,51.080877082,,,43.882,1588177.3439999998,4455.162650522,96.551054426
higgsTwitter,456626,14855842,64,OSAM$^+$,26,36192,23353884324,RW,ok,10,50,60.005816204000006,,,49.4,1787884.8,5017.884664204001,111.193701004
twitchgamers,168114,13595114,64,OSAM$^+$,26,36192,23353884324,Build,ok,1,1,185856.338069,16788.304453999997,169068.033615,0,23353884324,419395.181309,209210.22239299997
twitchgamers,168114,13595114,64,OSAM$^+$,26,36192,23353884324,CD,ok,10,2,595.7679969,,,505.95,18311342.4,51373.8814209,1120.0293393
twitchgamers,168114,13595114,64,OSAM$^+$,26,36192,23353884324,BFS,ok,10,100,8712.749679067001,,,7390.41,267473718.72,750428.486866267,16370.633397787002
twitchgamers,168114,13595114,64,OSAM$^+$,26,36192,23353884324,DFS,ok,10,100,474.471294,,,401.609,14535032.928,40780.72162328,890.6153269280001
twitchgamers,168114,13595114,64,OSAM$^+$,26,36192,23353884324,Dijkstra,ok,10,100,1375.614320819,,,1164.421,42142724.832,118239.14156913901,2582.1780456510005
twitchgamers,168114,13595114,64,OSAM$^+$,26,36192,23353884324,Prim,ok,10,100,1369.603423699,,,1161.161,42024738.912,117905.95081281899,2572.7891626110004
twitchgamers,168114,13595114,64,OSAM$^+$,26,36192,23353884324,DTC,ok,10,1,2781.2621884,,,2352.7,85148918.39999999,238902.75137239997,5219.1111068
twitchgamers,168114,13595114,64,OSAM$^+$,26,36192,23353884324,PR,ok,10,50,57.369679828,,,48.696,1762405.632,4944.593736147999,107.82808546000001
twitchgamers,168114,13595114,64,OSAM$^+$,26,36192,23353884324,RW,ok,10,50,64.147790458,,,54.494,1972246.848,5533.270258938,120.614037306
